{
  "projeto": {
    "titulo": "ACORDA",
    "diretor": "",
    "total_dias": 5
  },
  "dias_filmagem": {
    "1": {
      "cronograma_completo": [
        {
          "tipo": "atividade_fixa",
          "horario_inicio": "07h00",
          "horario_fim": "07h30",
          "atividade": "CAFÉ DA MANHÃ :30",
          "linha_original": "07h00 - 07h30 CAFÉ DA MANHÃ :30"
        },
        {
          "tipo": "atividade_fixa",
          "horario_inicio": "07h30",
          "horario_fim": "09h30",
          "atividade": "- PREPARAÇÃO 01 2:00",
          "linha_original": "07h30 - 09h30 - PREPARAÇÃO 01 2:00"
        },
        {
          "tipo": "cena",
          "numero": 3,
          "tipo_local": "INT",
          "descricao": "QUARTO MARIA E LAURO CASA ELIÉSER Tempo estimado: 1:30 3/8",
          "horario_inicio": "",
          "horario_fim": "",
          "linha_original": "3 INT QUARTO MARIA E LAURO CASA ELIÉSER Tempo estimado: 1:30 3/8",
          "descricao_detalhada": "DIA Maria está no quarto sozinha. Elenco: 1 CASA ELIÉSER pgs."
        },
        {
          "tipo": "atividade_fixa",
          "horario_inicio": "12h00",
          "horario_fim": "13h00",
          "atividade": "- REFEIÇÃO 1:00",
          "linha_original": "12h00 - 13h00 - REFEIÇÃO 1:00"
        },
        {
          "tipo": "atividade_fixa",
          "horario_inicio": "13h00",
          "horario_fim": "14h30",
          "atividade": "- PREPARAÇÃO 02 1:30",
          "linha_original": "13h00 - 14h30 - PREPARAÇÃO 02 1:30"
        },
        {
          "tipo": "cena",
          "numero": 12,
          "tipo_local": "INT",
          "descricao": "QUARTO MARIA E LAURO CASA ELIÉSER Tempo estimado: 2:00",
          "horario_inicio": "",
          "horario_fim": "",
          "linha_original": "12 INT QUARTO MARIA E LAURO CASA ELIÉSER Tempo estimado: 2:00",
          "descricao_detalhada": "NOITE Maria se deita para dormir. Elenco: 1, 3 CASA ELIÉSER pgs."
        },
        {
          "tipo": "rec",
          "descricao": "REC: 7B - PASSAGEM DE TEMPO PAI TIRANDO SAPATO 0:30",
          "horario_inicio": "",
          "horario_fim": "",
          "linha_original": "REC: 7B - PASSAGEM DE TEMPO PAI TIRANDO SAPATO 0:30"
        },
        {
          "tipo": "atividade_fixa",
          "horario_inicio": "16h00",
          "horario_fim": "17h00",
          "atividade": "DESPRODUÇÃO 1:00",
          "linha_original": "16h00 - 17h00 DESPRODUÇÃO 1:00"
        }
      ],
      "cenas": [
        "3",
        "12"
      ],
      "locacao_principal": "A DEFINIR",
      "atividades_fixas": []
    },
    "2": {
      "cronograma_completo": [
        {
          "tipo": "atividade_fixa",
          "horario_inicio": "07h00",
          "horario_fim": "07h30",
          "atividade": "CAFÉ DA MANHÃ :30",
          "linha_original": "07h00 - 07h30 CAFÉ DA MANHÃ :30"
        },
        {
          "tipo": "atividade_fixa",
          "horario_inicio": "07h30",
          "horario_fim": "09h00",
          "atividade": "- PREPARAÇÃO 01 1:30",
          "linha_original": "07h30 - 09h00 - PREPARAÇÃO 01 1:30"
        },
        {
          "tipo": "cena",
          "numero": 1,
          "tipo_local": "INT",
          "descricao": "COZINHA CASA ELIÉSER Tempo estimado: 3:00 2",
          "horario_inicio": "",
          "horario_fim": "",
          "linha_original": "1 INT COZINHA CASA ELIÉSER Tempo estimado: 3:00 2",
          "descricao_detalhada": "MANHÃ ABERTURA. Eliése toma café da manhã com os pais. Elenco: 1, 2, 3 CASA ELIÉSER pgs."
        },
        {
          "tipo": "atividade_fixa",
          "horario_inicio": "12h00",
          "horario_fim": "13h00",
          "atividade": "- REFEIÇÃO 1:00",
          "linha_original": "12h00 - 13h00 - REFEIÇÃO 1:00"
        },
        {
          "tipo": "atividade_fixa",
          "horario_inicio": "13h00",
          "horario_fim": "14h00",
          "atividade": "- PREPARAÇÃO 02 1:00",
          "linha_original": "13h00 - 14h00 - PREPARAÇÃO 02 1:00"
        },
        {
          "tipo": "cena",
          "numero": 6,
          "tipo_local": "INT",
          "descricao": "SALA CASA ELIÉSER Tempo estimado: 1:30 7/8",
          "horario_inicio": "",
          "horario_fim": "",
          "linha_original": "6 INT SALA CASA ELIÉSER Tempo estimado: 1:30 7/8",
          "descricao_detalhada": "NOITE Maria fala com Lauro sobre Eliéser, ele reclama. Elenco: 1, 3 CASA ELIÉSER pgs."
        },
        {
          "tipo": "cena",
          "numero": 9,
          "tipo_local": "INT",
          "descricao": "SALA CASA ELIÉSER Tempo estimado: :30 2/8",
          "horario_inicio": "",
          "horario_fim": "",
          "linha_original": "9 INT SALA CASA ELIÉSER Tempo estimado: :30 2/8",
          "descricao_detalhada": "NOITE Maria na sala, passando roupas. Elenco: 1 CASA ELIÉSER pgs."
        },
        {
          "tipo": "cena",
          "numero": 11,
          "tipo_local": "INT",
          "descricao": "SALA Tempo estimado: 1:00 2/8",
          "horario_inicio": "",
          "horario_fim": "",
          "linha_original": "11 INT SALA Tempo estimado: 1:00 2/8",
          "descricao_detalhada": "NOITE Maria dobrando as roupas. Olha para o corredor. Elenco: 1 pgs."
        },
        {
          "tipo": "rec",
          "descricao": "REC: PASSAGEM MÃE DOBRANDO UMA ROUPA (MÃO)",
          "horario_inicio": "",
          "horario_fim": "",
          "linha_original": "REC: PASSAGEM MÃE DOBRANDO UMA ROUPA (MÃO)"
        },
        {
          "tipo": "atividade_fixa",
          "horario_inicio": "17h00",
          "horario_fim": "18h00",
          "atividade": "DESPRODUÇÃO 1:00",
          "linha_original": "17h00 - 18h00 DESPRODUÇÃO 1:00"
        }
      ],
      "cenas": [
        "1",
        "6",
        "9",
        "11"
      ],
      "locacao_principal": "A DEFINIR",
      "atividades_fixas": []
    },
    "3": {
      "cronograma_completo": [
        {
          "tipo": "atividade_fixa",
          "horario_inicio": "07h00",
          "horario_fim": "07h30",
          "atividade": "CAFÉ DA MANHÃ :30",
          "linha_original": "07h00 - 07h30 CAFÉ DA MANHÃ :30"
        },
        {
          "tipo": "atividade_fixa",
          "horario_inicio": "07h30",
          "horario_fim": "09h30",
          "atividade": "- PREPARAÇÃO 01 2:00",
          "linha_original": "07h30 - 09h30 - PREPARAÇÃO 01 2:00"
        },
        {
          "tipo": "rec",
          "descricao": "REC: 1.1 / 1.5 DETALHES QUARTO ELIÉSER / CORDA 0:30",
          "horario_inicio": "",
          "horario_fim": "",
          "linha_original": "REC: 1.1 / 1.5 DETALHES QUARTO ELIÉSER / CORDA 0:30"
        },
        {
          "tipo": "cena",
          "numero": 7,
          "tipo_local": "INT",
          "descricao": "QUARTO ELIÉSER CASA ELIÉSER Tempo estimado: 1:00 1",
          "horario_inicio": "",
          "horario_fim": "",
          "linha_original": "7 INT QUARTO ELIÉSER CASA ELIÉSER Tempo estimado: 1:00 1",
          "descricao_detalhada": "NOITE Eliéser pesquesa ''Como se matar'' e começa a escrever uma carta. Elenco: 2 CASA ELIÉSER pgs."
        },
        {
          "tipo": "cena",
          "numero": 8,
          "tipo_local": "INT",
          "descricao": "QUARTO ELIÉSER CASA ELIÉSER Tempo estimado: :30 4/8",
          "horario_inicio": "",
          "horario_fim": "",
          "linha_original": "8 INT QUARTO ELIÉSER CASA ELIÉSER Tempo estimado: :30 4/8",
          "descricao_detalhada": "NOITE Eliéser começa a escrever a carta. Elenco: 2 CASA ELIÉSER pgs."
        },
        {
          "tipo": "cena",
          "numero": 10,
          "tipo_local": "INT",
          "descricao": "QUARTO ELIÉSER CASA ELIÉSER Tempo estimado: :30 4/8",
          "horario_inicio": "",
          "horario_fim": "",
          "linha_original": "10 INT QUARTO ELIÉSER CASA ELIÉSER Tempo estimado: :30 4/8",
          "descricao_detalhada": "NOITE Eliéser continua escrevendo a carta. Elenco: 2 CASA ELIÉSER pgs."
        },
        {
          "tipo": "atividade_fixa",
          "horario_inicio": "12h00",
          "horario_fim": "13h00",
          "atividade": "- REFEIÇÃO 1:00",
          "linha_original": "12h00 - 13h00 - REFEIÇÃO 1:00"
        },
        {
          "tipo": "atividade_fixa",
          "horario_inicio": "13h00",
          "horario_fim": "14h00",
          "atividade": "- PREPARAÇÃO 02 1:00",
          "linha_original": "13h00 - 14h00 - PREPARAÇÃO 02 1:00"
        },
        {
          "tipo": "cena",
          "numero": 13,
          "tipo_local": "INT",
          "descricao": "QUARTO ELIÉSER CASA ELIÉSER Tempo estimado: 1:00 6/8",
          "horario_inicio": "",
          "horario_fim": "",
          "linha_original": "13 INT QUARTO ELIÉSER CASA ELIÉSER Tempo estimado: 1:00 6/8",
          "descricao_detalhada": "NOITE Eliéser termina de escrever a carta. Elenco: 2 CASA ELIÉSER pgs."
        },
        {
          "tipo": "cena",
          "numero": 14,
          "tipo_local": "INT",
          "descricao": "QUARTO ELIÉSER CASA ELIÉSER Tempo estimado: 2:00 6/8",
          "horario_inicio": "",
          "horario_fim": "",
          "linha_original": "14 INT QUARTO ELIÉSER CASA ELIÉSER Tempo estimado: 2:00 6/8",
          "descricao_detalhada": "MANHÃ Eliéser e seus pais, eles leem a carta. CENA FINAL Elenco: 1, 2, 3 CASA ELIÉSER pgs."
        },
        {
          "tipo": "atividade_fixa",
          "horario_inicio": "17h00",
          "horario_fim": "18h00",
          "atividade": "DESPRODUÇÃO 1:00",
          "linha_original": "17h00 - 18h00 DESPRODUÇÃO 1:00"
        }
      ],
      "cenas": [
        "7",
        "8",
        "10",
        "13",
        "14"
      ],
      "locacao_principal": "A DEFINIR",
      "atividades_fixas": []
    },
    "4": {
      "cronograma_completo": [
        {
          "tipo": "atividade_fixa",
          "horario_inicio": "07h00",
          "horario_fim": "07h30",
          "atividade": "CAFÉ DA MANHÃ :30",
          "linha_original": "07h00 - 07h30 CAFÉ DA MANHÃ :30"
        },
        {
          "tipo": "atividade_fixa",
          "horario_inicio": "07h30",
          "horario_fim": "09h00",
          "atividade": "- PREPARAÇÃO 01 1:30",
          "linha_original": "07h30 - 09h00 - PREPARAÇÃO 01 1:30"
        },
        {
          "tipo": "cena",
          "numero": 5,
          "tipo_local": "INT",
          "descricao": "BANHEIRO CASA LANCHONETE Tempo estimado: 1:30",
          "horario_inicio": "",
          "horario_fim": "",
          "linha_original": "5 INT BANHEIRO CASA LANCHONETE Tempo estimado: 1:30",
          "descricao_detalhada": "TARDE Eliéser sentado no chão do banheiro. Elenco: 2 LANCHONETE pgs."
        },
        {
          "tipo": "rec",
          "descricao": "REC: PD GOTA CHUVEIRO :15",
          "horario_inicio": "",
          "horario_fim": "",
          "linha_original": "REC: PD GOTA CHUVEIRO :15"
        },
        {
          "tipo": "atividade_fixa",
          "horario_inicio": "10h30",
          "horario_fim": "11h30",
          "atividade": "- PREPARAÇÃO 02 1:00",
          "linha_original": "10h30 - 11h30 - PREPARAÇÃO 02 1:00"
        },
        {
          "tipo": "atividade_fixa",
          "horario_inicio": "12h30",
          "horario_fim": "13h30",
          "atividade": "- REFEIÇÃO 1:00",
          "linha_original": "12h30 - 13h30 - REFEIÇÃO 1:00"
        },
        {
          "tipo": "atividade_fixa",
          "horario_inicio": "13h30",
          "horario_fim": "14h00",
          "atividade": "- PREPARAÇÃO 02 0:45",
          "linha_original": "13h30 - 14h00 - PREPARAÇÃO 02 0:45"
        },
        {
          "tipo": "rec",
          "descricao": "REC: PASSAGENS DE TEMPO CASA 1:00",
          "horario_inicio": "",
          "horario_fim": "",
          "linha_original": "REC: PASSAGENS DE TEMPO CASA 1:00"
        },
        {
          "tipo": "atividade_fixa",
          "horario_inicio": "15h30",
          "horario_fim": "17h30",
          "atividade": "DESPRODUÇÃO 2:00",
          "linha_original": "15h30 - 17h30 DESPRODUÇÃO 2:00"
        }
      ],
      "cenas": [
        "5"
      ],
      "locacao_principal": "A DEFINIR",
      "atividades_fixas": []
    },
    "5": {
      "cronograma_completo": [
        {
          "tipo": "atividade_fixa",
          "horario_inicio": "07h00",
          "horario_fim": "07h30",
          "atividade": "CAFÉ DA MANHÃ :30",
          "linha_original": "07h00 - 07h30 CAFÉ DA MANHÃ :30"
        },
        {
          "tipo": "atividade_fixa",
          "horario_inicio": "07h30",
          "horario_fim": "09h30",
          "atividade": "- PREPARAÇÃO 01 2:00",
          "linha_original": "07h30 - 09h30 - PREPARAÇÃO 01 2:00"
        },
        {
          "tipo": "cena",
          "numero": 2,
          "tipo_local": "INT",
          "descricao": "LANCHONETE LANCHONETE Tempo estimado: 2:00 1 2/8",
          "horario_inicio": "",
          "horario_fim": "",
          "linha_original": "2 INT LANCHONETE LANCHONETE Tempo estimado: 2:00 1 2/8",
          "descricao_detalhada": "DIA Eliéser recebendo o prêmio de funcionario do mês. Elenco: 2, 4, 5, 6, 8 LANCHONETE pgs."
        },
        {
          "tipo": "atividade_fixa",
          "horario_inicio": "11h30",
          "horario_fim": "12h30",
          "atividade": "- REFEIÇÃO 1:00",
          "linha_original": "11h30 - 12h30 - REFEIÇÃO 1:00"
        },
        {
          "tipo": "atividade_fixa",
          "horario_inicio": "12h30",
          "horario_fim": "13h30",
          "atividade": "- PREPARAÇÃO 02 1:00",
          "linha_original": "12h30 - 13h30 - PREPARAÇÃO 02 1:00"
        },
        {
          "tipo": "cena",
          "numero": 4,
          "tipo_local": "INT",
          "descricao": "LANCHONETE LANCHONETE Tempo estimado: 2:30 1 1/8",
          "horario_inicio": "",
          "horario_fim": "",
          "linha_original": "4 INT LANCHONETE LANCHONETE Tempo estimado: 2:30 1 1/8",
          "descricao_detalhada": "DIA Maria vai até a lanchonete. Elenco: 1, 2, 4, 5, 6, 7, 8, 9 LANCHONETE pgs."
        },
        {
          "tipo": "atividade_fixa",
          "horario_inicio": "16h00",
          "horario_fim": "17h30",
          "atividade": "DESPRODUÇÃO 1:30",
          "linha_original": "16h00 - 17h30 DESPRODUÇÃO 1:30"
        }
      ],
      "cenas": [
        "2",
        "4"
      ],
      "locacao_principal": "A DEFINIR",
      "atividades_fixas": []
    }
  }
}